{"cameraMode":{"drawMode":0,"name":"Shaded","section":"Shading Mode"},"sceneLighting":false,"audioPlay":false,"sceneViewState":{"showFog":false,"showMaterialUpdate":false,"showSkybox":false,"showFlares":false,"showImageEffects":false,"showParticleSystems":false},"in2DMode":false,"pivot":{"x":-6.9908881187438969,"y":-5.978079795837402,"z":2.273141860961914},"rotation":{"x":0.376590371131897,"y":0.06107449159026146,"z":-0.024891098961234094,"w":0.9240297079086304},"size":17.506330490112306,"orthographic":false}